show_id,title,duration,numeric_duration
s1229,Title 230,178 min,178
s1292,Title 293,178 min,178
s1343,Title 344,178 min,178
s1093,Title 94,177 min,177
s1045,Title 46,176 min,176
s1263,Title 264,176 min,176
s1541,Title 542,176 min,176
s1107,Title 108,175 min,175
s1172,Title 173,175 min,175
s1441,Title 442,174 min,174
s1254,Title 255,173 min,173
s1350,Title 351,173 min,173
s1004,Title 5,172 min,172
s1215,Title 216,172 min,172
s1168,Title 169,171 min,171
s1477,Title 478,171 min,171
s1528,Title 529,171 min,171
s1571,Title 572,171 min,171
s1465,Title 466,170 min,170
s1478,Title 479,170 min,170
