show_id,type,title,director,cast,country,date_added,release_year,rating,duration,listed_in,description,numeric_duration
s1000,Movie,Title 1,Director 42,"Actor A, Actor B",Canada,2018-09-08,2021,TV-14,5 Seasons,Comedies,Sample description,5
s1001,Movie,Title 2,Director 15,"Actor A, Actor B",Mexico,2018-01-27,2003,PG-13,134 min,Comedies,Sample description,134
s1002,Movie,Title 3,Director 37,"Actor A, Actor B",United States,2019-11-02,2015,TV-MA,152 min,Dramas,Sample description,152
s1003,Movie,Title 4,Director 76,"Actor A, Actor B",Spain,2020-11-24,1994,TV-PG,5 Seasons,Children & Family Movies,Sample description,5
s1004,TV Show,Title 5,Director 63,"Actor A, Actor B",Japan,2018-02-21,2017,R,172 min,Horror Movies,Sample description,172
s1005,Movie,Title 6,Director 72,"Actor A, Actor B",United States,2019-05-13,1997,TV-MA,5 Seasons,Romantic Movies,Sample description,5
s1006,Movie,Title 7,Director 59,"Actor A, Actor B",United Kingdom,2019-10-28,2022,TV-14,169 min,Children & Family Movies,Sample description,169
s1007,Movie,Title 8,Director 28,"Actor A, Actor B",Australia,2015-04-07,2002,TV-14,107 min,Horror Movies,Sample description,107
s1008,Movie,Title 9,Director 27,"Actor A, Actor B",Spain,2020-12-01,2009,PG,2 Seasons,Horror Movies,Sample description,2
s1009,TV Show,Title 10,Director 17,"Actor A, Actor B",United Kingdom,2015-02-17,2007,TV-14,4 Seasons,Comedies,Sample description,4
s1010,TV Show,Title 11,Director 58,"Actor A, Actor B",France,2015-03-15,2009,TV-MA,80 min,Dramas,Sample description,80
s1011,TV Show,Title 12,Director 18,"Actor A, Actor B",Australia,2019-04-18,2022,TV-MA,148 min,Romantic Movies,Sample description,148
s1012,TV Show,Title 13,Director 44,"Actor A, Actor B",Australia,2017-07-31,2010,PG,136 min,Action & Adventure,Sample description,136
s1013,TV Show,Title 14,Director 46,"Actor A, Actor B",United Kingdom,2015-04-22,2013,R,143 min,Action & Adventure,Sample description,143
s1014,Movie,Title 15,Director 32,"Actor A, Actor B",France,2018-09-25,2017,G,98 min,Documentaries,Sample description,98
s1015,TV Show,Title 16,Director 4,"Actor A, Actor B",Japan,2017-12-28,1994,R,122 min,Action & Adventure,Sample description,122
s1016,TV Show,Title 17,Director 61,"Actor A, Actor B",United States,2020-01-22,2019,TV-14,2 Seasons,Comedies,Sample description,2
s1017,Movie,Title 18,Director 74,"Actor A, Actor B",Spain,2016-03-27,2013,G,5 Seasons,Romantic Movies,Sample description,5
s1018,Movie,Title 19,Director 53,"Actor A, Actor B",Australia,2020-08-12,2003,PG-13,67 min,Dramas,Sample description,67
s1019,Movie,Title 20,Director 66,"Actor A, Actor B",Japan,2015-02-09,2015,R,3 Seasons,Horror Movies,Sample description,3
s1020,TV Show,Title 21,Director 46,"Actor A, Actor B",Japan,2018-09-08,2002,PG-13,4 Seasons,Children & Family Movies,Sample description,4
s1021,Movie,Title 22,Director 40,"Actor A, Actor B",Mexico,2019-05-03,2010,TV-PG,128 min,Comedies,Sample description,128
s1022,TV Show,Title 23,Director 35,"Actor A, Actor B",India,2020-06-04,2015,G,4 Seasons,Documentaries,Sample description,4
s1023,TV Show,Title 24,Director 44,"Actor A, Actor B",United States,2018-03-05,2023,R,4 Seasons,Action & Adventure,Sample description,4
s1024,TV Show,Title 25,Director 45,"Actor A, Actor B",France,2020-03-12,2003,TV-PG,4 Seasons,Children & Family Movies,Sample description,4
s1025,TV Show,Title 26,Director 19,"Actor A, Actor B",Mexico,2015-04-10,2010,TV-PG,167 min,Action & Adventure,Sample description,167
s1026,Movie,Title 27,Director 51,"Actor A, Actor B",France,2018-10-14,2008,PG-13,1 Seasons,Romantic Movies,Sample description,1
s1027,Movie,Title 28,Director 64,"Actor A, Actor B",Spain,2015-08-02,2001,TV-PG,116 min,Action & Adventure,Sample description,116
s1028,Movie,Title 29,Director 76,"Actor A, Actor B",Japan,2017-05-12,2019,TV-MA,60 min,Dramas,Sample description,60
s1029,Movie,Title 30,Director 75,"Actor A, Actor B",India,2018-12-06,2022,TV-14,63 min,Horror Movies,Sample description,63
s1030,TV Show,Title 31,Director 67,"Actor A, Actor B",Japan,2020-07-10,2012,TV-14,2 Seasons,Children & Family Movies,Sample description,2
s1031,TV Show,Title 32,Director 75,"Actor A, Actor B",United Kingdom,2016-08-11,2002,PG-13,3 Seasons,Horror Movies,Sample description,3
s1032,TV Show,Title 33,Director 51,"Actor A, Actor B",United States,2019-09-01,2017,TV-PG,1 Seasons,Comedies,Sample description,1
s1033,Movie,Title 34,Director 15,"Actor A, Actor B",India,2015-04-17,2017,TV-14,4 Seasons,Dramas,Sample description,4
s1034,Movie,Title 35,Director 47,"Actor A, Actor B",Mexico,2017-04-17,2008,R,86 min,Comedies,Sample description,86
s1035,Movie,Title 36,Director 22,"Actor A, Actor B",Spain,2017-04-23,2020,G,1 Seasons,Romantic Movies,Sample description,1
s1036,TV Show,Title 37,Director 1,"Actor A, Actor B",Canada,2018-12-13,2006,R,82 min,Children & Family Movies,Sample description,82
s1037,TV Show,Title 38,Director 69,"Actor A, Actor B",Mexico,2017-04-06,2017,PG,4 Seasons,Romantic Movies,Sample description,4
s1038,Movie,Title 39,Director 21,"Actor A, Actor B",Canada,2018-11-19,1993,PG,1 Seasons,Comedies,Sample description,1
s1039,Movie,Title 40,Director 62,"Actor A, Actor B",Japan,2019-10-08,1995,TV-MA,2 Seasons,Dramas,Sample description,2
s1040,Movie,Title 41,Director 27,"Actor A, Actor B",Japan,2015-05-27,2008,PG-13,167 min,Action & Adventure,Sample description,167
s1041,TV Show,Title 42,Director 22,"Actor A, Actor B",Japan,2016-02-16,2012,G,106 min,Dramas,Sample description,106
s1042,TV Show,Title 43,Director 1,"Actor A, Actor B",France,2019-11-25,1995,PG,141 min,Horror Movies,Sample description,141
s1043,Movie,Title 44,Director 33,"Actor A, Actor B",France,2018-10-21,2013,TV-PG,152 min,Horror Movies,Sample description,152
s1044,TV Show,Title 45,Director 10,"Actor A, Actor B",Mexico,2016-01-07,2011,R,5 Seasons,Action & Adventure,Sample description,5
s1045,Movie,Title 46,Director 24,"Actor A, Actor B",United Kingdom,2016-01-26,2010,TV-MA,176 min,Horror Movies,Sample description,176
s1046,Movie,Title 47,Director 52,"Actor A, Actor B",United Kingdom,2015-09-13,2003,PG-13,142 min,Comedies,Sample description,142
s1047,TV Show,Title 48,Director 62,"Actor A, Actor B",France,2015-12-26,2013,G,132 min,Children & Family Movies,Sample description,132
s1048,TV Show,Title 49,Director 61,"Actor A, Actor B",Canada,2017-08-08,2014,G,68 min,Horror Movies,Sample description,68
s1049,Movie,Title 50,Director 38,"Actor A, Actor B",Mexico,2020-06-14,2006,TV-PG,4 Seasons,Romantic Movies,Sample description,4
s1050,Movie,Title 51,Director 18,"Actor A, Actor B",Mexico,2018-02-27,2006,PG-13,2 Seasons,Horror Movies,Sample description,2
s1051,TV Show,Title 52,Director 1,"Actor A, Actor B",Japan,2016-07-09,2017,PG-13,101 min,Horror Movies,Sample description,101
s1052,Movie,Title 53,Director 42,"Actor A, Actor B",Australia,2018-10-13,1991,TV-PG,4 Seasons,Dramas,Sample description,4
s1053,Movie,Title 54,Director 30,"Actor A, Actor B",Mexico,2016-11-26,2023,G,115 min,Dramas,Sample description,115
s1054,Movie,Title 55,Director 64,"Actor A, Actor B",Canada,2020-06-27,1990,TV-14,5 Seasons,Comedies,Sample description,5
s1055,Movie,Title 56,Director 58,"Actor A, Actor B",United Kingdom,2018-08-22,1992,PG,146 min,Horror Movies,Sample description,146
s1056,TV Show,Title 57,Director 39,"Actor A, Actor B",United Kingdom,2016-06-14,2011,TV-PG,77 min,Documentaries,Sample description,77
s1057,TV Show,Title 58,Director 63,"Actor A, Actor B",Spain,2019-03-18,1993,PG,132 min,Horror Movies,Sample description,132
s1058,TV Show,Title 59,Director 10,"Actor A, Actor B",Mexico,2020-09-30,2004,TV-14,142 min,Children & Family Movies,Sample description,142
s1059,Movie,Title 60,Director 12,"Actor A, Actor B",United States,2017-07-29,2001,TV-14,2 Seasons,Dramas,Sample description,2
s1060,Movie,Title 61,Director 62,"Actor A, Actor B",India,2018-08-21,1996,R,92 min,Horror Movies,Sample description,92
s1061,TV Show,Title 62,Director 23,"Actor A, Actor B",United Kingdom,2020-07-04,2020,R,120 min,Comedies,Sample description,120
s1062,TV Show,Title 63,Director 49,"Actor A, Actor B",United States,2020-05-23,1994,PG-13,3 Seasons,Romantic Movies,Sample description,3
s1063,TV Show,Title 64,Director 12,"Actor A, Actor B",India,2015-12-09,2016,TV-14,112 min,Comedies,Sample description,112
s1064,Movie,Title 65,Director 29,"Actor A, Actor B",Australia,2015-05-20,2014,PG-13,164 min,Comedies,Sample description,164
s1065,Movie,Title 66,Director 53,"Actor A, Actor B",France,2019-02-22,2006,G,128 min,Documentaries,Sample description,128
s1066,Movie,Title 67,Director 36,"Actor A, Actor B",France,2018-10-10,2017,TV-MA,4 Seasons,Dramas,Sample description,4
s1067,TV Show,Title 68,Director 24,"Actor A, Actor B",Spain,2015-01-04,2016,PG,1 Seasons,Comedies,Sample description,1
s1068,TV Show,Title 69,Director 34,"Actor A, Actor B",Australia,2020-04-15,2015,TV-MA,136 min,Documentaries,Sample description,136
s1069,Movie,Title 70,Director 45,"Actor A, Actor B",Mexico,2017-01-25,2018,R,4 Seasons,Action & Adventure,Sample description,4
s1070,TV Show,Title 71,Director 54,"Actor A, Actor B",Japan,2018-05-31,2016,G,130 min,Documentaries,Sample description,130
s1071,Movie,Title 72,Director 16,"Actor A, Actor B",United States,2015-09-20,2006,R,4 Seasons,Horror Movies,Sample description,4
s1072,Movie,Title 73,Director 62,"Actor A, Actor B",United Kingdom,2018-01-16,2005,G,64 min,Dramas,Sample description,64
s1073,TV Show,Title 74,Director 13,"Actor A, Actor B",Canada,2017-11-04,1998,R,5 Seasons,Comedies,Sample description,5
s1074,Movie,Title 75,Director 14,"Actor A, Actor B",Mexico,2020-07-15,2021,PG,4 Seasons,Children & Family Movies,Sample description,4
s1075,TV Show,Title 76,Director 76,"Actor A, Actor B",Spain,2018-05-07,1990,R,1 Seasons,Horror Movies,Sample description,1
s1076,TV Show,Title 77,Director 3,"Actor A, Actor B",Australia,2020-12-28,1998,TV-14,163 min,Dramas,Sample description,163
s1077,Movie,Title 78,Director 2,"Actor A, Actor B",Mexico,2016-03-14,1996,PG,1 Seasons,Action & Adventure,Sample description,1
s1078,Movie,Title 79,Director 44,"Actor A, Actor B",France,2020-03-17,1995,TV-14,97 min,Children & Family Movies,Sample description,97
s1079,TV Show,Title 80,Director 19,"Actor A, Actor B",Canada,2017-05-17,1993,TV-MA,5 Seasons,Children & Family Movies,Sample description,5
s1080,TV Show,Title 81,Director 9,"Actor A, Actor B",Mexico,2015-04-10,1999,PG-13,86 min,Action & Adventure,Sample description,86
s1081,Movie,Title 82,Director 24,"Actor A, Actor B",Australia,2015-01-17,1999,PG-13,2 Seasons,Children & Family Movies,Sample description,2
s1082,TV Show,Title 83,Director 3,"Actor A, Actor B",United Kingdom,2019-07-28,1997,TV-14,147 min,Action & Adventure,Sample description,147
s1083,Movie,Title 84,Director 3,"Actor A, Actor B",Australia,2018-02-07,2012,R,160 min,Dramas,Sample description,160
s1084,Movie,Title 85,Director 8,"Actor A, Actor B",Canada,2018-01-15,1996,PG,135 min,Dramas,Sample description,135
s1085,TV Show,Title 86,Director 56,"Actor A, Actor B",Mexico,2015-02-16,1991,TV-14,142 min,Documentaries,Sample description,142
s1086,TV Show,Title 87,Director 47,"Actor A, Actor B",Japan,2015-09-29,2009,PG,75 min,Children & Family Movies,Sample description,75
s1087,Movie,Title 88,Director 28,"Actor A, Actor B",Japan,2019-11-28,2020,PG-13,3 Seasons,Action & Adventure,Sample description,3
s1088,Movie,Title 89,Director 57,"Actor A, Actor B",United States,2018-12-14,2019,PG-13,2 Seasons,Children & Family Movies,Sample description,2
s1089,Movie,Title 90,Director 34,"Actor A, Actor B",United States,2017-09-06,2014,PG-13,2 Seasons,Children & Family Movies,Sample description,2
s1090,Movie,Title 91,Director 13,"Actor A, Actor B",Canada,2017-04-16,1999,TV-PG,3 Seasons,Children & Family Movies,Sample description,3
s1091,TV Show,Title 92,Director 33,"Actor A, Actor B",United Kingdom,2019-02-19,2006,R,73 min,Comedies,Sample description,73
s1092,TV Show,Title 93,Director 45,"Actor A, Actor B",Australia,2020-10-09,1998,TV-14,84 min,Horror Movies,Sample description,84
s1093,Movie,Title 94,Director 11,"Actor A, Actor B",India,2015-11-18,2021,R,177 min,Dramas,Sample description,177
s1094,Movie,Title 95,Director 63,"Actor A, Actor B",Mexico,2017-02-05,2013,PG-13,63 min,Dramas,Sample description,63
s1095,Movie,Title 96,Director 47,"Actor A, Actor B",Spain,2020-06-19,2005,PG-13,5 Seasons,Dramas,Sample description,5
s1096,TV Show,Title 97,Director 78,"Actor A, Actor B",Mexico,2015-11-20,2001,TV-MA,101 min,Comedies,Sample description,101
s1097,TV Show,Title 98,Director 65,"Actor A, Actor B",Spain,2017-03-30,2006,G,2 Seasons,Comedies,Sample description,2
s1098,Movie,Title 99,Director 6,"Actor A, Actor B",United Kingdom,2017-09-25,2018,TV-14,77 min,Dramas,Sample description,77
s1099,Movie,Title 100,Director 20,"Actor A, Actor B",United Kingdom,2015-03-30,1993,PG-13,3 Seasons,Romantic Movies,Sample description,3
s1100,TV Show,Title 101,Director 67,"Actor A, Actor B",United Kingdom,2020-06-13,1996,TV-14,2 Seasons,Children & Family Movies,Sample description,2
s1101,TV Show,Title 102,Director 59,"Actor A, Actor B",Spain,2016-02-17,2008,PG-13,1 Seasons,Documentaries,Sample description,1
s1102,TV Show,Title 103,Director 27,"Actor A, Actor B",United States,2018-10-20,2017,TV-MA,1 Seasons,Romantic Movies,Sample description,1
s1103,TV Show,Title 104,Director 60,"Actor A, Actor B",Mexico,2018-09-05,2011,TV-14,4 Seasons,Comedies,Sample description,4
s1104,Movie,Title 105,Director 35,"Actor A, Actor B",Spain,2015-12-07,2010,PG,4 Seasons,Children & Family Movies,Sample description,4
s1105,TV Show,Title 106,Director 28,"Actor A, Actor B",Spain,2018-11-02,1994,TV-14,1 Seasons,Documentaries,Sample description,1
s1106,Movie,Title 107,Director 21,"Actor A, Actor B",Mexico,2016-02-29,2021,TV-PG,102 min,Children & Family Movies,Sample description,102
s1107,TV Show,Title 108,Director 78,"Actor A, Actor B",United States,2020-10-07,1990,TV-14,175 min,Horror Movies,Sample description,175
s1108,TV Show,Title 109,Director 21,"Actor A, Actor B",India,2015-03-19,2009,TV-MA,4 Seasons,Comedies,Sample description,4
s1109,Movie,Title 110,Director 39,"Actor A, Actor B",United Kingdom,2020-08-18,2017,R,166 min,Comedies,Sample description,166
s1110,TV Show,Title 111,Director 30,"Actor A, Actor B",Canada,2016-01-26,2001,PG,4 Seasons,Horror Movies,Sample description,4
s1111,TV Show,Title 112,Director 6,"Actor A, Actor B",United Kingdom,2018-05-31,2007,PG-13,5 Seasons,Romantic Movies,Sample description,5
s1112,Movie,Title 113,Director 66,"Actor A, Actor B",France,2018-05-07,1994,G,5 Seasons,Dramas,Sample description,5
s1113,TV Show,Title 114,Director 67,"Actor A, Actor B",India,2016-07-06,2020,TV-14,108 min,Romantic Movies,Sample description,108
s1114,TV Show,Title 115,Director 53,"Actor A, Actor B",Spain,2020-06-17,1991,PG-13,120 min,Romantic Movies,Sample description,120
s1115,TV Show,Title 116,Director 27,"Actor A, Actor B",Spain,2016-04-05,1998,TV-MA,5 Seasons,Children & Family Movies,Sample description,5
s1116,TV Show,Title 117,Director 72,"Actor A, Actor B",Spain,2019-02-23,1991,TV-MA,154 min,Action & Adventure,Sample description,154
s1117,Movie,Title 118,Director 69,"Actor A, Actor B",Mexico,2016-09-27,2007,PG,3 Seasons,Horror Movies,Sample description,3
s1118,Movie,Title 119,Director 3,"Actor A, Actor B",United States,2019-03-02,2014,PG-13,4 Seasons,Comedies,Sample description,4
s1119,TV Show,Title 120,Director 44,"Actor A, Actor B",Spain,2015-05-16,2005,TV-MA,68 min,Dramas,Sample description,68
s1120,Movie,Title 121,Director 29,"Actor A, Actor B",India,2018-12-23,2009,TV-14,101 min,Children & Family Movies,Sample description,101
s1121,TV Show,Title 122,Director 20,"Actor A, Actor B",Australia,2017-02-02,1993,PG-13,2 Seasons,Horror Movies,Sample description,2
s1122,TV Show,Title 123,Director 52,"Actor A, Actor B",Mexico,2019-11-19,2021,R,139 min,Action & Adventure,Sample description,139
s1123,TV Show,Title 124,Director 47,"Actor A, Actor B",Spain,2018-05-15,2009,PG,163 min,Children & Family Movies,Sample description,163
s1124,TV Show,Title 125,Director 7,"Actor A, Actor B",United States,2016-07-29,2004,R,90 min,Dramas,Sample description,90
s1125,TV Show,Title 126,Director 13,"Actor A, Actor B",United States,2016-04-26,2007,PG-13,3 Seasons,Comedies,Sample description,3
s1126,TV Show,Title 127,Director 71,"Actor A, Actor B",United States,2015-01-18,1996,TV-MA,164 min,Documentaries,Sample description,164
s1127,Movie,Title 128,Director 34,"Actor A, Actor B",United Kingdom,2018-01-17,1992,R,112 min,Action & Adventure,Sample description,112
s1128,TV Show,Title 129,Director 1,"Actor A, Actor B",Spain,2017-01-20,1997,PG,112 min,Children & Family Movies,Sample description,112
s1129,Movie,Title 130,Director 68,"Actor A, Actor B",Australia,2015-07-17,2018,TV-PG,2 Seasons,Comedies,Sample description,2
s1130,Movie,Title 131,Director 59,"Actor A, Actor B",Australia,2018-02-28,1997,PG,146 min,Action & Adventure,Sample description,146
s1131,TV Show,Title 132,Director 79,"Actor A, Actor B",France,2020-01-13,1990,TV-PG,5 Seasons,Horror Movies,Sample description,5
s1132,TV Show,Title 133,Director 47,"Actor A, Actor B",Canada,2016-07-11,2010,R,108 min,Action & Adventure,Sample description,108
s1133,TV Show,Title 134,Director 5,"Actor A, Actor B",Japan,2017-07-20,1991,PG-13,5 Seasons,Romantic Movies,Sample description,5
s1134,Movie,Title 135,Director 75,"Actor A, Actor B",Australia,2019-04-04,2023,TV-MA,69 min,Children & Family Movies,Sample description,69
s1135,Movie,Title 136,Director 21,"Actor A, Actor B",Spain,2016-11-17,2010,G,136 min,Horror Movies,Sample description,136
s1136,TV Show,Title 137,Director 13,"Actor A, Actor B",United States,2015-03-15,2022,PG-13,1 Seasons,Children & Family Movies,Sample description,1
s1137,TV Show,Title 138,Director 11,"Actor A, Actor B",United Kingdom,2019-09-28,1996,TV-PG,1 Seasons,Action & Adventure,Sample description,1
s1138,Movie,Title 139,Director 65,"Actor A, Actor B",Mexico,2019-08-03,2004,PG-13,160 min,Horror Movies,Sample description,160
s1139,Movie,Title 140,Director 25,"Actor A, Actor B",France,2018-12-05,1998,PG,129 min,Children & Family Movies,Sample description,129
s1140,Movie,Title 141,Director 29,"Actor A, Actor B",United States,2020-11-10,2019,R,103 min,Romantic Movies,Sample description,103
s1141,TV Show,Title 142,Director 14,"Actor A, Actor B",Mexico,2016-03-18,2006,PG,3 Seasons,Children & Family Movies,Sample description,3
s1142,TV Show,Title 143,Director 9,"Actor A, Actor B",Canada,2016-02-12,2010,TV-PG,108 min,Documentaries,Sample description,108
s1143,Movie,Title 144,Director 58,"Actor A, Actor B",Japan,2015-10-09,1992,TV-14,157 min,Comedies,Sample description,157
s1144,Movie,Title 145,Director 79,"Actor A, Actor B",Mexico,2016-03-17,2006,R,4 Seasons,Documentaries,Sample description,4
s1145,Movie,Title 146,Director 24,"Actor A, Actor B",United States,2016-09-14,2006,R,61 min,Action & Adventure,Sample description,61
s1146,Movie,Title 147,Director 73,"Actor A, Actor B",United States,2015-09-17,2000,TV-14,83 min,Dramas,Sample description,83
s1147,Movie,Title 148,Director 48,"Actor A, Actor B",Spain,2019-06-24,1999,TV-MA,2 Seasons,Action & Adventure,Sample description,2
s1148,TV Show,Title 149,Director 11,"Actor A, Actor B",Australia,2018-09-27,1990,R,2 Seasons,Documentaries,Sample description,2
s1149,Movie,Title 150,Director 26,"Actor A, Actor B",France,2018-08-29,1999,TV-14,91 min,Children & Family Movies,Sample description,91
s1150,TV Show,Title 151,Director 41,"Actor A, Actor B",Australia,2017-05-05,2014,TV-PG,4 Seasons,Dramas,Sample description,4
s1151,TV Show,Title 152,Director 72,"Actor A, Actor B",United States,2016-09-04,2005,G,2 Seasons,Documentaries,Sample description,2
s1152,TV Show,Title 153,Director 33,"Actor A, Actor B",Mexico,2015-11-22,2021,TV-MA,64 min,Comedies,Sample description,64
s1153,Movie,Title 154,Director 1,"Actor A, Actor B",Mexico,2018-05-03,2014,G,1 Seasons,Comedies,Sample description,1
s1154,Movie,Title 155,Director 62,"Actor A, Actor B",United Kingdom,2017-09-24,2002,G,155 min,Comedies,Sample description,155
s1155,TV Show,Title 156,Director 49,"Actor A, Actor B",United Kingdom,2017-12-29,2005,TV-14,3 Seasons,Children & Family Movies,Sample description,3
s1156,Movie,Title 157,Director 51,"Actor A, Actor B",United Kingdom,2018-05-16,2009,R,137 min,Romantic Movies,Sample description,137
s1157,TV Show,Title 158,Director 2,"Actor A, Actor B",United Kingdom,2019-04-14,2017,TV-MA,3 Seasons,Action & Adventure,Sample description,3
s1158,TV Show,Title 159,Director 53,"Actor A, Actor B",Canada,2015-11-19,1997,PG,4 Seasons,Romantic Movies,Sample description,4
s1159,TV Show,Title 160,Director 69,"Actor A, Actor B",Australia,2019-10-31,2020,TV-PG,119 min,Horror Movies,Sample description,119
s1160,Movie,Title 161,Director 10,"Actor A, Actor B",Spain,2019-12-01,2017,R,3 Seasons,Comedies,Sample description,3
s1161,TV Show,Title 162,Director 17,"Actor A, Actor B",India,2020-05-22,2018,TV-MA,72 min,Documentaries,Sample description,72
s1162,TV Show,Title 163,Director 73,"Actor A, Actor B",United States,2017-01-01,2023,R,1 Seasons,Romantic Movies,Sample description,1
s1163,Movie,Title 164,Director 19,"Actor A, Actor B",United States,2019-09-16,2009,TV-PG,5 Seasons,Action & Adventure,Sample description,5
s1164,Movie,Title 165,Director 6,"Actor A, Actor B",United Kingdom,2015-10-18,1994,G,118 min,Comedies,Sample description,118
s1165,Movie,Title 166,Director 58,"Actor A, Actor B",Mexico,2017-05-05,2016,R,105 min,Documentaries,Sample description,105
s1166,Movie,Title 167,Director 56,"Actor A, Actor B",Canada,2020-02-21,2020,TV-MA,3 Seasons,Comedies,Sample description,3
s1167,TV Show,Title 168,Director 24,"Actor A, Actor B",India,2016-10-27,2022,TV-PG,84 min,Documentaries,Sample description,84
s1168,Movie,Title 169,Director 10,"Actor A, Actor B",Canada,2018-04-25,2021,PG,171 min,Horror Movies,Sample description,171
s1169,TV Show,Title 170,Director 15,"Actor A, Actor B",France,2015-07-14,2006,PG-13,115 min,Romantic Movies,Sample description,115
s1170,Movie,Title 171,Director 63,"Actor A, Actor B",Spain,2018-08-18,2012,R,140 min,Romantic Movies,Sample description,140
s1171,Movie,Title 172,Director 38,"Actor A, Actor B",India,2018-03-06,2006,TV-14,169 min,Comedies,Sample description,169
s1172,TV Show,Title 173,Director 54,"Actor A, Actor B",Spain,2017-01-27,2007,TV-14,175 min,Children & Family Movies,Sample description,175
s1173,TV Show,Title 174,,"Actor A, Actor B",United Kingdom,2017-09-19,2003,R,137 min,Horror Movies,Sample description,137
s1174,TV Show,Title 175,Director 73,"Actor A, Actor B",Australia,2018-07-29,2005,TV-MA,79 min,Horror Movies,Sample description,79
s1175,TV Show,Title 176,Director 42,"Actor A, Actor B",United States,2015-12-22,2013,R,5 Seasons,Documentaries,Sample description,5
s1176,TV Show,Title 177,Director 9,"Actor A, Actor B",Mexico,2019-07-10,1992,TV-PG,3 Seasons,Horror Movies,Sample description,3
s1177,TV Show,Title 178,Director 10,"Actor A, Actor B",Canada,2016-03-30,2002,G,5 Seasons,Documentaries,Sample description,5
s1178,TV Show,Title 179,Director 7,"Actor A, Actor B",Canada,2020-03-06,2010,G,135 min,Romantic Movies,Sample description,135
s1179,TV Show,Title 180,Director 26,"Actor A, Actor B",United States,2018-06-03,2008,TV-14,2 Seasons,Romantic Movies,Sample description,2
s1180,TV Show,Title 181,Director 18,"Actor A, Actor B",Australia,2020-12-25,2005,PG,1 Seasons,Dramas,Sample description,1
s1181,Movie,Title 182,Director 31,"Actor A, Actor B",Japan,2019-02-22,2017,R,150 min,Documentaries,Sample description,150
s1182,Movie,Title 183,Director 51,"Actor A, Actor B",France,2019-03-11,1994,PG,3 Seasons,Action & Adventure,Sample description,3
s1183,TV Show,Title 184,Director 74,"Actor A, Actor B",France,2017-01-14,1997,PG-13,149 min,Dramas,Sample description,149
s1184,TV Show,Title 185,Director 25,"Actor A, Actor B",Canada,2020-05-10,2004,TV-MA,3 Seasons,Action & Adventure,Sample description,3
s1185,TV Show,Title 186,Director 18,"Actor A, Actor B",Japan,2016-08-27,1998,TV-PG,3 Seasons,Children & Family Movies,Sample description,3
s1186,TV Show,Title 187,Director 68,"Actor A, Actor B",Australia,2020-07-12,2007,TV-PG,106 min,Comedies,Sample description,106
s1187,TV Show,Title 188,Director 79,"Actor A, Actor B",United Kingdom,2018-02-06,2009,PG-13,2 Seasons,Romantic Movies,Sample description,2
s1188,TV Show,Title 189,Director 66,"Actor A, Actor B",France,2020-03-11,2015,TV-MA,71 min,Romantic Movies,Sample description,71
s1189,TV Show,Title 190,Director 39,"Actor A, Actor B",United States,2017-10-10,1991,TV-PG,1 Seasons,Romantic Movies,Sample description,1
s1190,Movie,Title 191,Director 66,"Actor A, Actor B",United States,2015-09-05,1995,PG-13,63 min,Comedies,Sample description,63
s1191,TV Show,Title 192,Director 52,"Actor A, Actor B",Australia,2017-07-13,1992,R,2 Seasons,Action & Adventure,Sample description,2
s1192,TV Show,Title 193,Director 22,"Actor A, Actor B",United Kingdom,2018-02-24,2010,PG,80 min,Comedies,Sample description,80
s1193,Movie,Title 194,Director 2,"Actor A, Actor B",India,2016-10-01,2012,R,146 min,Children & Family Movies,Sample description,146
s1194,Movie,Title 195,Director 71,"Actor A, Actor B",Australia,2016-05-09,2015,R,138 min,Documentaries,Sample description,138
s1195,Movie,Title 196,Director 9,"Actor A, Actor B",Mexico,2019-11-07,2011,PG,1 Seasons,Action & Adventure,Sample description,1
s1196,TV Show,Title 197,Director 20,"Actor A, Actor B",United Kingdom,2018-05-27,2009,TV-14,5 Seasons,Documentaries,Sample description,5
s1197,TV Show,Title 198,Director 77,"Actor A, Actor B",Australia,2017-06-04,2019,G,126 min,Romantic Movies,Sample description,126
s1198,TV Show,Title 199,Director 24,"Actor A, Actor B",France,2015-05-30,2021,TV-MA,1 Seasons,Romantic Movies,Sample description,1
s1199,Movie,Title 200,Director 64,"Actor A, Actor B",United Kingdom,2016-06-28,1991,TV-PG,5 Seasons,Children & Family Movies,Sample description,5
s1200,Movie,Title 201,Director 69,"Actor A, Actor B",Japan,2018-12-18,2019,TV-MA,5 Seasons,Romantic Movies,Sample description,5
s1201,Movie,Title 202,Director 6,"Actor A, Actor B",Mexico,2020-03-05,2021,TV-14,120 min,Dramas,Sample description,120
s1202,Movie,Title 203,Director 79,"Actor A, Actor B",France,2020-11-24,2016,R,67 min,Comedies,Sample description,67
s1203,TV Show,Title 204,Director 49,"Actor A, Actor B",France,2019-01-30,2001,R,134 min,Documentaries,Sample description,134
s1204,TV Show,Title 205,Director 36,"Actor A, Actor B",Canada,2019-06-28,2012,TV-PG,146 min,Horror Movies,Sample description,146
s1205,Movie,Title 206,Director 37,"Actor A, Actor B",Australia,2019-05-14,2004,PG-13,76 min,Dramas,Sample description,76
s1206,Movie,Title 207,Director 56,"Actor A, Actor B",Australia,2016-05-03,1992,R,87 min,Comedies,Sample description,87
s1207,TV Show,Title 208,Director 21,"Actor A, Actor B",India,2017-07-02,2004,PG,3 Seasons,Comedies,Sample description,3
s1208,Movie,Title 209,Director 7,"Actor A, Actor B",United States,2019-03-15,1994,TV-MA,1 Seasons,Children & Family Movies,Sample description,1
s1209,TV Show,Title 210,Director 39,"Actor A, Actor B",Spain,2015-02-23,2017,TV-14,128 min,Comedies,Sample description,128
s1210,TV Show,Title 211,Director 27,"Actor A, Actor B",Australia,2020-07-02,1999,TV-14,133 min,Documentaries,Sample description,133
s1211,TV Show,Title 212,Director 13,"Actor A, Actor B",United States,2015-11-27,2011,G,77 min,Horror Movies,Sample description,77
s1212,TV Show,Title 213,Director 48,"Actor A, Actor B",Australia,2017-05-31,1992,TV-MA,3 Seasons,Action & Adventure,Sample description,3
s1213,TV Show,Title 214,Director 63,"Actor A, Actor B",Mexico,2016-08-06,1991,TV-14,4 Seasons,Horror Movies,Sample description,4
s1214,Movie,Title 215,Director 22,"Actor A, Actor B",India,2020-02-23,2014,G,4 Seasons,Dramas,Sample description,4
s1215,Movie,Title 216,Director 69,"Actor A, Actor B",United Kingdom,2020-02-19,2019,R,172 min,Comedies,Sample description,172
s1216,Movie,Title 217,Director 66,"Actor A, Actor B",France,2017-06-05,1995,TV-PG,2 Seasons,Action & Adventure,Sample description,2
s1217,TV Show,Title 218,Director 64,"Actor A, Actor B",Canada,2015-10-21,2004,TV-PG,80 min,Comedies,Sample description,80
s1218,Movie,Title 219,Director 16,"Actor A, Actor B",United States,2015-01-02,2010,G,167 min,Documentaries,Sample description,167
s1219,Movie,Title 220,Director 50,"Actor A, Actor B",Canada,2015-05-14,2009,PG,4 Seasons,Dramas,Sample description,4
s1220,Movie,Title 221,Director 45,"Actor A, Actor B",Australia,2020-09-04,2002,TV-PG,125 min,Children & Family Movies,Sample description,125
s1221,TV Show,Title 222,Director 37,"Actor A, Actor B",Spain,2016-09-01,2000,R,5 Seasons,Children & Family Movies,Sample description,5
s1222,TV Show,Title 223,Director 62,"Actor A, Actor B",India,2016-09-21,1993,R,1 Seasons,Documentaries,Sample description,1
s1223,Movie,Title 224,Director 33,"Actor A, Actor B",France,2016-03-30,2023,TV-MA,83 min,Dramas,Sample description,83
s1224,Movie,Title 225,Director 69,"Actor A, Actor B",Australia,2018-12-08,2003,PG-13,68 min,Horror Movies,Sample description,68
s1225,Movie,Title 226,Director 10,"Actor A, Actor B",France,2016-02-10,2001,TV-14,1 Seasons,Comedies,Sample description,1
s1226,Movie,Title 227,Director 55,"Actor A, Actor B",Canada,2018-03-14,2003,PG-13,132 min,Comedies,Sample description,132
s1227,TV Show,Title 228,Director 18,"Actor A, Actor B",Canada,2016-04-09,2003,TV-14,2 Seasons,Romantic Movies,Sample description,2
s1228,TV Show,Title 229,Director 66,"Actor A, Actor B",Australia,2019-06-15,2014,PG,1 Seasons,Children & Family Movies,Sample description,1
s1229,TV Show,Title 230,Director 48,"Actor A, Actor B",France,2020-11-10,2008,PG,178 min,Action & Adventure,Sample description,178
s1230,Movie,Title 231,Director 50,"Actor A, Actor B",France,2018-10-10,2007,TV-PG,2 Seasons,Documentaries,Sample description,2
s1231,Movie,Title 232,Director 12,"Actor A, Actor B",France,2019-03-24,2001,G,4 Seasons,Horror Movies,Sample description,4
s1232,Movie,Title 233,Director 66,"Actor A, Actor B",France,2015-01-15,1992,G,2 Seasons,Horror Movies,Sample description,2
s1233,TV Show,Title 234,Director 48,"Actor A, Actor B",Canada,2016-09-17,1998,G,70 min,Action & Adventure,Sample description,70
s1234,TV Show,Title 235,Director 8,"Actor A, Actor B",India,2016-10-02,2018,TV-PG,3 Seasons,Dramas,Sample description,3
s1235,Movie,Title 236,Director 79,"Actor A, Actor B",United Kingdom,2016-04-25,2017,G,71 min,Horror Movies,Sample description,71
s1236,TV Show,Title 237,Director 58,"Actor A, Actor B",Australia,2019-07-25,2011,PG,88 min,Horror Movies,Sample description,88
s1237,Movie,Title 238,Director 41,"Actor A, Actor B",United States,2017-11-27,1990,TV-PG,113 min,Action & Adventure,Sample description,113
s1238,Movie,Title 239,Director 11,"Actor A, Actor B",Japan,2017-12-22,2001,PG-13,166 min,Comedies,Sample description,166
s1239,TV Show,Title 240,Director 22,"Actor A, Actor B",United Kingdom,2016-03-21,1993,TV-MA,98 min,Horror Movies,Sample description,98
s1240,Movie,Title 241,Director 35,"Actor A, Actor B",United States,2017-06-11,2013,R,2 Seasons,Comedies,Sample description,2
s1241,Movie,Title 242,Director 35,"Actor A, Actor B",France,2015-12-28,1992,PG,4 Seasons,Documentaries,Sample description,4
s1242,TV Show,Title 243,Director 71,"Actor A, Actor B",United Kingdom,2018-01-10,1995,PG,5 Seasons,Children & Family Movies,Sample description,5
s1243,TV Show,Title 244,Director 50,"Actor A, Actor B",Japan,2016-07-03,1990,TV-PG,166 min,Dramas,Sample description,166
s1244,TV Show,Title 245,Director 76,"Actor A, Actor B",United Kingdom,2018-11-28,2006,G,5 Seasons,Action & Adventure,Sample description,5
s1245,Movie,Title 246,Director 63,"Actor A, Actor B",Australia,2020-07-03,1992,PG,108 min,Romantic Movies,Sample description,108
s1246,TV Show,Title 247,Director 55,"Actor A, Actor B",France,2017-04-25,1992,R,1 Seasons,Documentaries,Sample description,1
s1247,TV Show,Title 248,Director 30,"Actor A, Actor B",Australia,2020-06-13,1998,PG,156 min,Dramas,Sample description,156
s1248,TV Show,Title 249,Director 70,"Actor A, Actor B",Japan,2018-02-02,2007,R,3 Seasons,Children & Family Movies,Sample description,3
s1249,TV Show,Title 250,Director 76,"Actor A, Actor B",India,2019-07-21,2022,PG-13,5 Seasons,Children & Family Movies,Sample description,5
s1250,TV Show,Title 251,Director 6,"Actor A, Actor B",Japan,2017-05-01,2015,R,82 min,Comedies,Sample description,82
s1251,Movie,Title 252,Director 57,"Actor A, Actor B",France,2019-11-30,2011,PG,153 min,Horror Movies,Sample description,153
s1252,TV Show,Title 253,Director 77,"Actor A, Actor B",France,2020-07-11,1990,PG,3 Seasons,Documentaries,Sample description,3
s1253,TV Show,Title 254,Director 79,"Actor A, Actor B",Canada,2019-02-26,2008,TV-14,128 min,Romantic Movies,Sample description,128
s1254,Movie,Title 255,Director 75,"Actor A, Actor B",Mexico,2018-06-02,1995,R,173 min,Children & Family Movies,Sample description,173
s1255,Movie,Title 256,Director 46,"Actor A, Actor B",France,2019-03-31,2015,PG,74 min,Dramas,Sample description,74
s1256,TV Show,Title 257,Director 50,"Actor A, Actor B",Australia,2016-05-29,2010,G,149 min,Romantic Movies,Sample description,149
s1257,TV Show,Title 258,Director 14,"Actor A, Actor B",Canada,2017-05-09,1994,R,158 min,Children & Family Movies,Sample description,158
s1258,Movie,Title 259,Director 35,"Actor A, Actor B",United Kingdom,2016-01-02,2007,G,123 min,Comedies,Sample description,123
s1259,TV Show,Title 260,Director 67,"Actor A, Actor B",India,2016-11-03,2004,PG,5 Seasons,Dramas,Sample description,5
s1260,Movie,Title 261,Director 12,"Actor A, Actor B",Australia,2018-08-05,2009,G,117 min,Action & Adventure,Sample description,117
s1261,TV Show,Title 262,Director 62,"Actor A, Actor B",India,2017-02-10,2017,PG,5 Seasons,Children & Family Movies,Sample description,5
s1262,Movie,Title 263,Director 55,"Actor A, Actor B",Spain,2019-10-26,1998,TV-MA,2 Seasons,Romantic Movies,Sample description,2
s1263,Movie,Title 264,,"Actor A, Actor B",United States,2018-06-11,2015,G,176 min,Comedies,Sample description,176
s1264,Movie,Title 265,Director 21,"Actor A, Actor B",Spain,2018-05-28,2009,TV-14,3 Seasons,Action & Adventure,Sample description,3
s1265,TV Show,Title 266,,"Actor A, Actor B",India,2018-06-25,1996,TV-MA,3 Seasons,Children & Family Movies,Sample description,3
s1266,Movie,Title 267,Director 33,"Actor A, Actor B",France,2020-02-15,1998,PG,73 min,Romantic Movies,Sample description,73
s1267,TV Show,Title 268,Director 77,"Actor A, Actor B",United States,2017-05-30,2022,TV-MA,113 min,Children & Family Movies,Sample description,113
s1268,Movie,Title 269,Director 5,"Actor A, Actor B",Mexico,2019-10-22,2011,TV-PG,4 Seasons,Children & Family Movies,Sample description,4
s1269,Movie,Title 270,Director 21,"Actor A, Actor B",Japan,2020-11-29,1990,R,157 min,Documentaries,Sample description,157
s1270,TV Show,Title 271,Director 44,"Actor A, Actor B",Japan,2019-04-07,1997,TV-PG,164 min,Documentaries,Sample description,164
s1271,TV Show,Title 272,Director 8,"Actor A, Actor B",France,2015-06-08,2023,TV-PG,103 min,Horror Movies,Sample description,103
s1272,TV Show,Title 273,Director 53,"Actor A, Actor B",United Kingdom,2015-03-12,2014,TV-14,140 min,Comedies,Sample description,140
s1273,Movie,Title 274,,"Actor A, Actor B",Canada,2019-10-27,2022,R,2 Seasons,Horror Movies,Sample description,2
s1274,Movie,Title 275,Director 28,"Actor A, Actor B",Canada,2015-09-06,1998,PG,3 Seasons,Documentaries,Sample description,3
s1275,Movie,Title 276,Director 62,"Actor A, Actor B",Canada,2015-01-17,2006,TV-MA,82 min,Children & Family Movies,Sample description,82
s1276,TV Show,Title 277,Director 8,"Actor A, Actor B",Canada,2019-02-07,2000,TV-14,131 min,Romantic Movies,Sample description,131
s1277,Movie,Title 278,Director 5,"Actor A, Actor B",Japan,2018-03-05,2008,TV-PG,1 Seasons,Romantic Movies,Sample description,1
s1278,Movie,Title 279,Director 79,"Actor A, Actor B",United States,2017-05-30,2011,TV-PG,142 min,Children & Family Movies,Sample description,142
s1279,TV Show,Title 280,Director 39,"Actor A, Actor B",Mexico,2015-07-11,1998,TV-PG,127 min,Documentaries,Sample description,127
s1280,TV Show,Title 281,Director 61,"Actor A, Actor B",United States,2020-11-07,1999,PG,4 Seasons,Romantic Movies,Sample description,4
s1281,Movie,Title 282,Director 14,"Actor A, Actor B",Mexico,2018-05-20,2014,TV-PG,3 Seasons,Children & Family Movies,Sample description,3
s1282,Movie,Title 283,Director 74,"Actor A, Actor B",Spain,2017-04-17,2010,PG,5 Seasons,Horror Movies,Sample description,5
s1283,Movie,Title 284,Director 12,"Actor A, Actor B",Australia,2015-04-24,2000,PG,2 Seasons,Dramas,Sample description,2
s1284,TV Show,Title 285,Director 39,"Actor A, Actor B",Mexico,2015-03-31,2009,TV-14,128 min,Horror Movies,Sample description,128
s1285,TV Show,Title 286,Director 30,"Actor A, Actor B",Canada,2018-07-25,2001,TV-14,103 min,Children & Family Movies,Sample description,103
s1286,TV Show,Title 287,Director 69,"Actor A, Actor B",United States,2020-08-05,2004,TV-14,2 Seasons,Comedies,Sample description,2
s1287,TV Show,Title 288,Director 58,"Actor A, Actor B",Japan,2016-06-24,1995,R,5 Seasons,Comedies,Sample description,5
s1288,TV Show,Title 289,Director 33,"Actor A, Actor B",France,2017-03-19,2006,TV-MA,1 Seasons,Horror Movies,Sample description,1
s1289,TV Show,Title 290,Director 29,"Actor A, Actor B",Mexico,2019-11-20,1994,PG,80 min,Documentaries,Sample description,80
s1290,TV Show,Title 291,Director 44,"Actor A, Actor B",United States,2016-08-30,2004,PG,3 Seasons,Dramas,Sample description,3
s1291,Movie,Title 292,Director 48,"Actor A, Actor B",United States,2015-10-09,2021,PG,91 min,Action & Adventure,Sample description,91
s1292,TV Show,Title 293,Director 62,"Actor A, Actor B",United States,2016-11-18,1992,TV-14,178 min,Romantic Movies,Sample description,178
s1293,Movie,Title 294,Director 75,"Actor A, Actor B",Mexico,2020-12-13,1992,TV-MA,3 Seasons,Horror Movies,Sample description,3
s1294,Movie,Title 295,Director 74,"Actor A, Actor B",United Kingdom,2020-04-06,2004,TV-MA,79 min,Children & Family Movies,Sample description,79
s1295,Movie,Title 296,Director 58,"Actor A, Actor B",Australia,2020-03-03,2021,TV-PG,105 min,Horror Movies,Sample description,105
s1296,TV Show,Title 297,Director 5,"Actor A, Actor B",Spain,2018-08-14,1997,PG-13,124 min,Action & Adventure,Sample description,124
s1297,TV Show,Title 298,Director 58,"Actor A, Actor B",France,2018-06-11,1995,PG-13,4 Seasons,Children & Family Movies,Sample description,4
s1298,TV Show,Title 299,Director 9,"Actor A, Actor B",Spain,2018-01-05,1994,PG-13,89 min,Horror Movies,Sample description,89
s1299,Movie,Title 300,Director 65,"Actor A, Actor B",India,2020-06-12,2005,PG,127 min,Horror Movies,Sample description,127
s1300,Movie,Title 301,Director 38,"Actor A, Actor B",France,2018-05-06,2006,PG,2 Seasons,Documentaries,Sample description,2
s1301,TV Show,Title 302,Director 32,"Actor A, Actor B",United States,2019-01-14,1994,TV-MA,2 Seasons,Action & Adventure,Sample description,2
s1302,Movie,Title 303,Director 53,"Actor A, Actor B",Japan,2015-08-20,2013,PG,1 Seasons,Horror Movies,Sample description,1
s1303,TV Show,Title 304,Director 71,"Actor A, Actor B",Spain,2018-11-26,2016,PG-13,151 min,Dramas,Sample description,151
s1304,TV Show,Title 305,Director 44,"Actor A, Actor B",United Kingdom,2017-07-04,2014,TV-14,4 Seasons,Documentaries,Sample description,4
s1305,TV Show,Title 306,Director 33,"Actor A, Actor B",Canada,2016-10-31,2010,TV-MA,77 min,Action & Adventure,Sample description,77
s1306,Movie,Title 307,Director 78,"Actor A, Actor B",India,2018-08-19,1997,TV-PG,86 min,Action & Adventure,Sample description,86
s1307,Movie,Title 308,Director 30,"Actor A, Actor B",Mexico,2018-11-02,2023,PG,146 min,Romantic Movies,Sample description,146
s1308,TV Show,Title 309,Director 53,"Actor A, Actor B",United Kingdom,2019-03-01,2004,TV-MA,157 min,Action & Adventure,Sample description,157
s1309,Movie,Title 310,Director 75,"Actor A, Actor B",Canada,2017-07-11,2015,TV-PG,3 Seasons,Documentaries,Sample description,3
s1310,TV Show,Title 311,Director 4,"Actor A, Actor B",Canada,2017-01-15,2023,TV-MA,96 min,Horror Movies,Sample description,96
s1311,TV Show,Title 312,Director 47,"Actor A, Actor B",India,2019-07-09,2004,PG-13,3 Seasons,Comedies,Sample description,3
s1312,TV Show,Title 313,Director 66,"Actor A, Actor B",India,2015-04-16,1992,R,129 min,Documentaries,Sample description,129
s1313,TV Show,Title 314,Director 57,"Actor A, Actor B",France,2016-05-10,1998,TV-14,2 Seasons,Children & Family Movies,Sample description,2
s1314,Movie,Title 315,Director 20,"Actor A, Actor B",France,2019-05-27,2015,TV-MA,92 min,Dramas,Sample description,92
s1315,TV Show,Title 316,Director 4,"Actor A, Actor B",Australia,2020-03-29,1999,PG,4 Seasons,Documentaries,Sample description,4
s1316,TV Show,Title 317,Director 59,"Actor A, Actor B",Japan,2016-10-22,2019,TV-PG,154 min,Children & Family Movies,Sample description,154
s1317,TV Show,Title 318,Director 70,"Actor A, Actor B",India,2019-02-26,2006,TV-PG,157 min,Horror Movies,Sample description,157
s1318,TV Show,Title 319,Director 5,"Actor A, Actor B",Mexico,2017-03-05,2014,R,1 Seasons,Action & Adventure,Sample description,1
s1319,Movie,Title 320,Director 48,"Actor A, Actor B",Australia,2015-10-23,2000,PG,70 min,Romantic Movies,Sample description,70
s1320,TV Show,Title 321,Director 30,"Actor A, Actor B",United States,2016-12-20,2020,PG,5 Seasons,Action & Adventure,Sample description,5
s1321,TV Show,Title 322,Director 38,"Actor A, Actor B",Australia,2015-10-23,2001,PG-13,2 Seasons,Dramas,Sample description,2
s1322,TV Show,Title 323,Director 63,"Actor A, Actor B",Canada,2020-12-14,2014,TV-14,65 min,Horror Movies,Sample description,65
s1323,Movie,Title 324,Director 24,"Actor A, Actor B",Canada,2015-09-22,2015,R,4 Seasons,Children & Family Movies,Sample description,4
s1324,TV Show,Title 325,Director 56,"Actor A, Actor B",Australia,2020-08-08,2002,G,86 min,Horror Movies,Sample description,86
s1325,Movie,Title 326,Director 10,"Actor A, Actor B",Mexico,2018-07-06,2019,PG,5 Seasons,Romantic Movies,Sample description,5
s1326,TV Show,Title 327,Director 46,"Actor A, Actor B",India,2015-06-30,1992,G,5 Seasons,Horror Movies,Sample description,5
s1327,Movie,Title 328,Director 51,"Actor A, Actor B",India,2018-05-14,2020,R,102 min,Children & Family Movies,Sample description,102
s1328,Movie,Title 329,Director 18,"Actor A, Actor B",France,2015-07-19,2010,TV-PG,61 min,Dramas,Sample description,61
s1329,TV Show,Title 330,Director 50,"Actor A, Actor B",Spain,2020-09-08,2018,TV-14,3 Seasons,Romantic Movies,Sample description,3
s1330,Movie,Title 331,Director 45,"Actor A, Actor B",India,2020-09-03,2002,PG,162 min,Comedies,Sample description,162
s1331,TV Show,Title 332,,"Actor A, Actor B",United States,2020-09-17,2019,TV-14,3 Seasons,Horror Movies,Sample description,3
s1332,TV Show,Title 333,Director 20,"Actor A, Actor B",France,2015-02-02,1995,G,169 min,Documentaries,Sample description,169
s1333,Movie,Title 334,Director 49,"Actor A, Actor B",Spain,2016-05-23,2000,TV-MA,125 min,Horror Movies,Sample description,125
s1334,Movie,Title 335,Director 71,"Actor A, Actor B",Spain,2016-03-10,2000,PG,140 min,Action & Adventure,Sample description,140
s1335,Movie,Title 336,Director 64,"Actor A, Actor B",France,2019-07-06,1993,TV-MA,3 Seasons,Documentaries,Sample description,3
s1336,TV Show,Title 337,Director 10,"Actor A, Actor B",Canada,2019-07-08,2011,TV-PG,113 min,Dramas,Sample description,113
s1337,TV Show,Title 338,Director 72,"Actor A, Actor B",Japan,2015-08-14,2023,PG,3 Seasons,Documentaries,Sample description,3
s1338,Movie,Title 339,Director 38,"Actor A, Actor B",United Kingdom,2017-11-20,2019,TV-PG,147 min,Romantic Movies,Sample description,147
s1339,TV Show,Title 340,Director 33,"Actor A, Actor B",Canada,2020-11-29,1994,R,105 min,Dramas,Sample description,105
s1340,TV Show,Title 341,Director 10,"Actor A, Actor B",Canada,2016-03-19,2020,G,3 Seasons,Romantic Movies,Sample description,3
s1341,TV Show,Title 342,Director 76,"Actor A, Actor B",Mexico,2016-09-27,2017,R,4 Seasons,Dramas,Sample description,4
s1342,Movie,Title 343,Director 64,"Actor A, Actor B",India,2017-07-09,2020,G,4 Seasons,Horror Movies,Sample description,4
s1343,Movie,Title 344,Director 14,"Actor A, Actor B",Australia,2018-02-14,2012,PG,178 min,Action & Adventure,Sample description,178
s1344,TV Show,Title 345,Director 58,"Actor A, Actor B",France,2015-05-07,1992,R,3 Seasons,Dramas,Sample description,3
s1345,Movie,Title 346,Director 5,"Actor A, Actor B",United Kingdom,2020-07-16,2010,PG-13,4 Seasons,Documentaries,Sample description,4
s1346,TV Show,Title 347,Director 56,"Actor A, Actor B",Canada,2017-10-04,2010,TV-MA,3 Seasons,Dramas,Sample description,3
s1347,Movie,Title 348,Director 41,"Actor A, Actor B",Mexico,2019-03-05,1999,G,105 min,Romantic Movies,Sample description,105
s1348,Movie,Title 349,Director 50,"Actor A, Actor B",Japan,2015-04-04,2001,PG,130 min,Documentaries,Sample description,130
s1349,TV Show,Title 350,Director 72,"Actor A, Actor B",Canada,2019-03-27,2016,PG,106 min,Action & Adventure,Sample description,106
s1350,TV Show,Title 351,Director 62,"Actor A, Actor B",France,2016-02-05,2001,TV-PG,173 min,Comedies,Sample description,173
s1351,Movie,Title 352,Director 16,"Actor A, Actor B",Spain,2016-08-06,2012,PG,62 min,Action & Adventure,Sample description,62
s1352,TV Show,Title 353,Director 12,"Actor A, Actor B",Spain,2015-07-11,2011,R,105 min,Dramas,Sample description,105
s1353,TV Show,Title 354,Director 25,"Actor A, Actor B",Japan,2016-02-18,2012,G,65 min,Comedies,Sample description,65
s1354,Movie,Title 355,Director 58,"Actor A, Actor B",United States,2018-06-12,2012,G,3 Seasons,Comedies,Sample description,3
s1355,TV Show,Title 356,Director 50,"Actor A, Actor B",United States,2019-04-01,2004,G,2 Seasons,Action & Adventure,Sample description,2
s1356,Movie,Title 357,Director 34,"Actor A, Actor B",United States,2020-12-06,2015,PG-13,1 Seasons,Documentaries,Sample description,1
s1357,TV Show,Title 358,Director 58,"Actor A, Actor B",Canada,2016-06-29,2017,TV-14,62 min,Horror Movies,Sample description,62
s1358,Movie,Title 359,Director 72,"Actor A, Actor B",France,2017-02-04,2002,G,126 min,Children & Family Movies,Sample description,126
s1359,Movie,Title 360,Director 62,"Actor A, Actor B",France,2018-08-07,1993,PG-13,80 min,Romantic Movies,Sample description,80
s1360,Movie,Title 361,Director 34,"Actor A, Actor B",India,2015-09-26,2003,TV-PG,2 Seasons,Children & Family Movies,Sample description,2
s1361,Movie,Title 362,Director 19,"Actor A, Actor B",India,2017-05-24,1997,TV-14,162 min,Horror Movies,Sample description,162
s1362,TV Show,Title 363,Director 6,"Actor A, Actor B",Australia,2016-06-22,2023,TV-PG,132 min,Horror Movies,Sample description,132
s1363,Movie,Title 364,Director 46,"Actor A, Actor B",Japan,2016-03-31,1991,R,3 Seasons,Romantic Movies,Sample description,3
s1364,TV Show,Title 365,Director 67,"Actor A, Actor B",Japan,2017-07-25,1997,TV-14,99 min,Horror Movies,Sample description,99
s1365,Movie,Title 366,Director 40,"Actor A, Actor B",Spain,2017-07-13,2014,TV-14,3 Seasons,Children & Family Movies,Sample description,3
s1366,Movie,Title 367,Director 50,"Actor A, Actor B",France,2018-06-12,2016,PG-13,73 min,Comedies,Sample description,73
s1367,Movie,Title 368,Director 73,"Actor A, Actor B",United Kingdom,2015-06-30,2000,G,2 Seasons,Action & Adventure,Sample description,2
s1368,TV Show,Title 369,Director 40,"Actor A, Actor B",United Kingdom,2017-08-22,2006,TV-MA,154 min,Romantic Movies,Sample description,154
s1369,Movie,Title 370,Director 35,"Actor A, Actor B",United States,2016-12-14,2019,R,1 Seasons,Romantic Movies,Sample description,1
s1370,TV Show,Title 371,Director 63,"Actor A, Actor B",Canada,2019-12-31,1999,PG-13,100 min,Romantic Movies,Sample description,100
s1371,TV Show,Title 372,Director 74,"Actor A, Actor B",Japan,2019-10-16,2023,TV-MA,80 min,Romantic Movies,Sample description,80
s1372,TV Show,Title 373,Director 59,"Actor A, Actor B",Canada,2015-01-09,2004,R,2 Seasons,Action & Adventure,Sample description,2
s1373,TV Show,Title 374,Director 31,"Actor A, Actor B",Australia,2019-11-28,2011,TV-14,78 min,Comedies,Sample description,78
s1374,Movie,Title 375,Director 31,"Actor A, Actor B",France,2015-10-16,2014,TV-14,4 Seasons,Romantic Movies,Sample description,4
s1375,Movie,Title 376,Director 57,"Actor A, Actor B",Spain,2018-12-25,2003,TV-MA,2 Seasons,Comedies,Sample description,2
s1376,Movie,Title 377,Director 54,"Actor A, Actor B",India,2018-01-23,2014,TV-PG,131 min,Dramas,Sample description,131
s1377,TV Show,Title 378,Director 75,"Actor A, Actor B",Japan,2017-06-08,2006,TV-MA,5 Seasons,Horror Movies,Sample description,5
s1378,TV Show,Title 379,Director 5,"Actor A, Actor B",India,2017-02-27,1991,TV-PG,116 min,Documentaries,Sample description,116
s1379,TV Show,Title 380,Director 79,"Actor A, Actor B",Spain,2015-03-02,2018,TV-MA,123 min,Documentaries,Sample description,123
s1380,Movie,Title 381,Director 18,"Actor A, Actor B",Mexico,2019-10-31,2010,TV-PG,104 min,Documentaries,Sample description,104
s1381,TV Show,Title 382,Director 38,"Actor A, Actor B",Mexico,2020-11-19,1991,TV-14,134 min,Romantic Movies,Sample description,134
s1382,TV Show,Title 383,Director 39,"Actor A, Actor B",Mexico,2018-09-17,2021,TV-14,142 min,Action & Adventure,Sample description,142
s1383,TV Show,Title 384,Director 35,"Actor A, Actor B",United Kingdom,2016-02-10,1997,PG-13,60 min,Children & Family Movies,Sample description,60
s1384,Movie,Title 385,Director 8,"Actor A, Actor B",United Kingdom,2016-08-19,2016,G,60 min,Romantic Movies,Sample description,60
s1385,Movie,Title 386,Director 39,"Actor A, Actor B",Australia,2019-05-22,2016,PG-13,78 min,Children & Family Movies,Sample description,78
s1386,TV Show,Title 387,Director 22,"Actor A, Actor B",France,2019-02-07,2012,PG,121 min,Children & Family Movies,Sample description,121
s1387,Movie,Title 388,Director 36,"Actor A, Actor B",France,2017-05-22,2001,TV-14,4 Seasons,Action & Adventure,Sample description,4
s1388,Movie,Title 389,Director 45,"Actor A, Actor B",Australia,2016-02-21,1995,TV-MA,1 Seasons,Children & Family Movies,Sample description,1
s1389,TV Show,Title 390,Director 23,"Actor A, Actor B",France,2015-12-25,2013,R,2 Seasons,Children & Family Movies,Sample description,2
s1390,Movie,Title 391,Director 28,"Actor A, Actor B",Australia,2018-02-20,2014,TV-MA,5 Seasons,Horror Movies,Sample description,5
s1391,Movie,Title 392,Director 55,"Actor A, Actor B",Mexico,2016-11-18,2009,R,144 min,Horror Movies,Sample description,144
s1392,TV Show,Title 393,Director 43,"Actor A, Actor B",United States,2015-08-03,1995,PG-13,2 Seasons,Children & Family Movies,Sample description,2
s1393,Movie,Title 394,Director 72,"Actor A, Actor B",France,2015-07-01,2010,TV-14,1 Seasons,Children & Family Movies,Sample description,1
s1394,Movie,Title 395,Director 61,"Actor A, Actor B",Mexico,2019-04-08,2020,G,4 Seasons,Romantic Movies,Sample description,4
s1395,TV Show,Title 396,Director 5,"Actor A, Actor B",Japan,2019-08-12,2022,TV-PG,4 Seasons,Dramas,Sample description,4
s1396,Movie,Title 397,Director 9,"Actor A, Actor B",Spain,2018-12-10,2006,PG-13,2 Seasons,Romantic Movies,Sample description,2
s1397,Movie,Title 398,Director 12,"Actor A, Actor B",France,2020-09-11,2022,PG,3 Seasons,Horror Movies,Sample description,3
s1398,Movie,Title 399,Director 12,"Actor A, Actor B",United Kingdom,2018-04-26,1991,PG,1 Seasons,Dramas,Sample description,1
s1399,TV Show,Title 400,Director 60,"Actor A, Actor B",United States,2017-06-23,2022,G,1 Seasons,Horror Movies,Sample description,1
s1400,Movie,Title 401,Director 36,"Actor A, Actor B",Spain,2018-01-09,1991,R,166 min,Action & Adventure,Sample description,166
s1401,TV Show,Title 402,Director 76,"Actor A, Actor B",Australia,2016-08-04,2003,R,3 Seasons,Action & Adventure,Sample description,3
s1402,TV Show,Title 403,Director 74,"Actor A, Actor B",France,2015-01-07,1992,PG,3 Seasons,Documentaries,Sample description,3
s1403,Movie,Title 404,Director 11,"Actor A, Actor B",Australia,2017-10-27,2015,TV-PG,96 min,Dramas,Sample description,96
s1404,Movie,Title 405,Director 54,"Actor A, Actor B",Mexico,2019-07-15,2013,TV-MA,85 min,Children & Family Movies,Sample description,85
s1405,Movie,Title 406,Director 43,"Actor A, Actor B",France,2020-08-02,2001,R,135 min,Action & Adventure,Sample description,135
s1406,Movie,Title 407,Director 76,"Actor A, Actor B",Canada,2020-06-11,1998,PG,5 Seasons,Action & Adventure,Sample description,5
s1407,Movie,Title 408,Director 58,"Actor A, Actor B",Australia,2020-12-01,1993,G,143 min,Action & Adventure,Sample description,143
s1408,TV Show,Title 409,Director 70,"Actor A, Actor B",Australia,2018-03-07,1994,TV-14,1 Seasons,Horror Movies,Sample description,1
s1409,Movie,Title 410,Director 12,"Actor A, Actor B",Canada,2019-12-25,1994,PG,1 Seasons,Action & Adventure,Sample description,1
s1410,Movie,Title 411,Director 7,"Actor A, Actor B",Australia,2016-11-17,2001,TV-MA,1 Seasons,Dramas,Sample description,1
s1411,TV Show,Title 412,Director 61,"Actor A, Actor B",Japan,2016-06-16,2000,PG,5 Seasons,Romantic Movies,Sample description,5
s1412,Movie,Title 413,Director 9,"Actor A, Actor B",Japan,2019-11-25,2017,TV-14,1 Seasons,Children & Family Movies,Sample description,1
s1413,TV Show,Title 414,Director 7,"Actor A, Actor B",Mexico,2015-10-15,2016,PG-13,65 min,Action & Adventure,Sample description,65
s1414,TV Show,Title 415,Director 37,"Actor A, Actor B",United Kingdom,2019-08-27,2011,TV-MA,4 Seasons,Dramas,Sample description,4
s1415,Movie,Title 416,Director 48,"Actor A, Actor B",Japan,2018-12-09,1992,TV-PG,4 Seasons,Horror Movies,Sample description,4
s1416,Movie,Title 417,Director 8,"Actor A, Actor B",Mexico,2020-02-05,2010,R,154 min,Documentaries,Sample description,154
s1417,Movie,Title 418,Director 32,"Actor A, Actor B",United States,2017-04-01,2000,TV-PG,110 min,Documentaries,Sample description,110
s1418,Movie,Title 419,Director 56,"Actor A, Actor B",Japan,2015-02-04,2017,PG-13,74 min,Children & Family Movies,Sample description,74
s1419,TV Show,Title 420,Director 62,"Actor A, Actor B",Spain,2019-10-08,2018,R,156 min,Comedies,Sample description,156
s1420,TV Show,Title 421,Director 48,"Actor A, Actor B",United Kingdom,2015-01-23,2006,TV-PG,106 min,Action & Adventure,Sample description,106
s1421,Movie,Title 422,Director 11,"Actor A, Actor B",France,2018-07-01,1999,TV-14,4 Seasons,Documentaries,Sample description,4
s1422,TV Show,Title 423,Director 17,"Actor A, Actor B",Australia,2019-11-25,2004,TV-14,1 Seasons,Dramas,Sample description,1
s1423,TV Show,Title 424,Director 54,"Actor A, Actor B",France,2015-11-26,2018,TV-PG,2 Seasons,Dramas,Sample description,2
s1424,Movie,Title 425,Director 47,"Actor A, Actor B",Japan,2018-11-07,1993,TV-MA,5 Seasons,Dramas,Sample description,5
s1425,Movie,Title 426,Director 71,"Actor A, Actor B",Spain,2017-02-01,2013,PG-13,98 min,Dramas,Sample description,98
s1426,TV Show,Title 427,,"Actor A, Actor B",Spain,2019-10-01,2013,TV-PG,2 Seasons,Horror Movies,Sample description,2
s1427,Movie,Title 428,Director 72,"Actor A, Actor B",United Kingdom,2016-01-25,2003,TV-MA,62 min,Comedies,Sample description,62
s1428,Movie,Title 429,Director 3,"Actor A, Actor B",United States,2015-08-06,2015,R,2 Seasons,Horror Movies,Sample description,2
s1429,Movie,Title 430,Director 19,"Actor A, Actor B",Spain,2016-05-21,2000,TV-MA,84 min,Romantic Movies,Sample description,84
s1430,TV Show,Title 431,Director 73,"Actor A, Actor B",United States,2020-02-17,1992,TV-PG,4 Seasons,Children & Family Movies,Sample description,4
s1431,TV Show,Title 432,Director 75,"Actor A, Actor B",Mexico,2019-02-16,2000,PG-13,112 min,Horror Movies,Sample description,112
s1432,Movie,Title 433,Director 27,"Actor A, Actor B",France,2019-01-15,1995,PG,3 Seasons,Horror Movies,Sample description,3
s1433,Movie,Title 434,Director 33,"Actor A, Actor B",France,2017-04-24,2022,TV-PG,144 min,Comedies,Sample description,144
s1434,Movie,Title 435,Director 42,"Actor A, Actor B",Spain,2017-08-08,2006,G,4 Seasons,Horror Movies,Sample description,4
s1435,Movie,Title 436,Director 11,"Actor A, Actor B",United Kingdom,2017-07-08,2007,PG-13,86 min,Romantic Movies,Sample description,86
s1436,TV Show,Title 437,Director 62,"Actor A, Actor B",Mexico,2018-10-30,1993,PG,159 min,Action & Adventure,Sample description,159
s1437,Movie,Title 438,Director 76,"Actor A, Actor B",India,2017-05-12,2004,G,153 min,Action & Adventure,Sample description,153
s1438,TV Show,Title 439,Director 29,"Actor A, Actor B",Japan,2018-02-24,2015,TV-14,3 Seasons,Documentaries,Sample description,3
s1439,Movie,Title 440,Director 21,"Actor A, Actor B",Canada,2015-08-02,2022,TV-14,167 min,Dramas,Sample description,167
s1440,TV Show,Title 441,Director 36,"Actor A, Actor B",France,2018-12-18,2017,R,1 Seasons,Horror Movies,Sample description,1
s1441,TV Show,Title 442,Director 34,"Actor A, Actor B",Australia,2016-12-04,2019,G,174 min,Dramas,Sample description,174
s1442,Movie,Title 443,Director 43,"Actor A, Actor B",France,2020-05-07,2017,TV-MA,117 min,Comedies,Sample description,117
s1443,Movie,Title 444,Director 51,"Actor A, Actor B",Mexico,2019-02-03,2023,PG-13,3 Seasons,Children & Family Movies,Sample description,3
s1444,Movie,Title 445,Director 60,"Actor A, Actor B",Australia,2017-11-28,1999,TV-PG,4 Seasons,Comedies,Sample description,4
s1445,TV Show,Title 446,Director 76,"Actor A, Actor B",Mexico,2019-02-17,2004,R,153 min,Documentaries,Sample description,153
s1446,TV Show,Title 447,Director 66,"Actor A, Actor B",Japan,2020-12-09,2019,PG,5 Seasons,Dramas,Sample description,5
s1447,Movie,Title 448,Director 19,"Actor A, Actor B",Japan,2015-08-27,2017,G,5 Seasons,Documentaries,Sample description,5
s1448,Movie,Title 449,Director 64,"Actor A, Actor B",Australia,2017-02-07,2015,TV-PG,103 min,Comedies,Sample description,103
s1449,Movie,Title 450,Director 26,"Actor A, Actor B",Mexico,2016-01-14,2015,PG,84 min,Dramas,Sample description,84
s1450,Movie,Title 451,Director 40,"Actor A, Actor B",United Kingdom,2019-04-05,1990,TV-PG,2 Seasons,Action & Adventure,Sample description,2
s1451,TV Show,Title 452,Director 65,"Actor A, Actor B",France,2016-09-14,2011,TV-PG,3 Seasons,Children & Family Movies,Sample description,3
s1452,Movie,Title 453,Director 62,"Actor A, Actor B",Japan,2018-02-13,2012,PG,162 min,Children & Family Movies,Sample description,162
s1453,TV Show,Title 454,Director 18,"Actor A, Actor B",Mexico,2020-06-15,2014,PG-13,3 Seasons,Horror Movies,Sample description,3
s1454,Movie,Title 455,Director 21,"Actor A, Actor B",France,2020-07-24,1997,TV-PG,4 Seasons,Horror Movies,Sample description,4
s1455,Movie,Title 456,Director 60,"Actor A, Actor B",Spain,2019-11-03,2023,TV-PG,75 min,Horror Movies,Sample description,75
s1456,TV Show,Title 457,Director 68,"Actor A, Actor B",Mexico,2020-02-05,2004,R,3 Seasons,Action & Adventure,Sample description,3
s1457,TV Show,Title 458,Director 22,"Actor A, Actor B",Mexico,2020-07-20,1991,TV-PG,4 Seasons,Romantic Movies,Sample description,4
s1458,Movie,Title 459,Director 43,"Actor A, Actor B",Japan,2016-11-08,2001,TV-MA,91 min,Comedies,Sample description,91
s1459,Movie,Title 460,Director 78,"Actor A, Actor B",India,2017-12-24,2007,G,4 Seasons,Comedies,Sample description,4
s1460,Movie,Title 461,Director 27,"Actor A, Actor B",Canada,2015-03-24,1996,G,4 Seasons,Action & Adventure,Sample description,4
s1461,TV Show,Title 462,Director 24,"Actor A, Actor B",Japan,2020-05-20,2016,TV-PG,5 Seasons,Dramas,Sample description,5
s1462,TV Show,Title 463,Director 47,"Actor A, Actor B",Mexico,2020-06-15,1991,TV-MA,142 min,Horror Movies,Sample description,142
s1463,TV Show,Title 464,Director 68,"Actor A, Actor B",United Kingdom,2017-12-06,2002,R,5 Seasons,Romantic Movies,Sample description,5
s1464,Movie,Title 465,Director 11,"Actor A, Actor B",France,2019-03-26,1993,G,153 min,Horror Movies,Sample description,153
s1465,Movie,Title 466,Director 25,"Actor A, Actor B",United Kingdom,2018-09-29,2017,G,170 min,Children & Family Movies,Sample description,170
s1466,TV Show,Title 467,Director 54,"Actor A, Actor B",United States,2017-06-27,2012,PG,4 Seasons,Documentaries,Sample description,4
s1467,TV Show,Title 468,Director 39,"Actor A, Actor B",United States,2015-12-08,2007,R,63 min,Comedies,Sample description,63
s1468,TV Show,Title 469,Director 25,"Actor A, Actor B",United States,2016-06-29,2010,TV-PG,106 min,Children & Family Movies,Sample description,106
s1469,TV Show,Title 470,Director 71,"Actor A, Actor B",Mexico,2020-04-28,2003,PG-13,4 Seasons,Action & Adventure,Sample description,4
s1470,Movie,Title 471,Director 16,"Actor A, Actor B",Spain,2016-10-24,2002,TV-14,110 min,Romantic Movies,Sample description,110
s1471,Movie,Title 472,Director 56,"Actor A, Actor B",United Kingdom,2015-08-21,2009,TV-PG,5 Seasons,Romantic Movies,Sample description,5
s1472,TV Show,Title 473,Director 41,"Actor A, Actor B",Japan,2015-12-07,2002,PG,153 min,Comedies,Sample description,153
s1473,Movie,Title 474,Director 39,"Actor A, Actor B",United States,2019-12-05,1997,G,3 Seasons,Horror Movies,Sample description,3
s1474,TV Show,Title 475,Director 49,"Actor A, Actor B",Japan,2019-09-06,1993,TV-PG,109 min,Dramas,Sample description,109
s1475,Movie,Title 476,Director 34,"Actor A, Actor B",United States,2018-06-08,1995,PG,83 min,Action & Adventure,Sample description,83
s1476,TV Show,Title 477,Director 22,"Actor A, Actor B",France,2017-02-28,2013,TV-PG,2 Seasons,Romantic Movies,Sample description,2
s1477,Movie,Title 478,Director 24,"Actor A, Actor B",France,2020-01-11,2013,PG-13,171 min,Comedies,Sample description,171
s1478,Movie,Title 479,Director 11,"Actor A, Actor B",India,2019-08-14,2009,TV-14,170 min,Dramas,Sample description,170
s1479,Movie,Title 480,Director 66,"Actor A, Actor B",France,2017-01-25,2002,TV-MA,2 Seasons,Comedies,Sample description,2
s1480,TV Show,Title 481,Director 38,"Actor A, Actor B",Canada,2016-11-21,2023,R,4 Seasons,Dramas,Sample description,4
s1481,TV Show,Title 482,Director 9,"Actor A, Actor B",Canada,2016-06-23,1997,PG,144 min,Romantic Movies,Sample description,144
s1482,TV Show,Title 483,Director 29,"Actor A, Actor B",Spain,2020-03-05,2023,TV-14,116 min,Action & Adventure,Sample description,116
s1483,TV Show,Title 484,Director 27,"Actor A, Actor B",Mexico,2017-05-23,1994,G,1 Seasons,Comedies,Sample description,1
s1484,Movie,Title 485,Director 17,"Actor A, Actor B",Spain,2020-06-01,2005,TV-MA,163 min,Romantic Movies,Sample description,163
s1485,Movie,Title 486,Director 8,"Actor A, Actor B",India,2019-11-19,2005,G,2 Seasons,Documentaries,Sample description,2
s1486,TV Show,Title 487,Director 12,"Actor A, Actor B",Japan,2017-05-19,2003,R,5 Seasons,Children & Family Movies,Sample description,5
s1487,TV Show,Title 488,Director 18,"Actor A, Actor B",India,2016-05-11,2016,PG,3 Seasons,Action & Adventure,Sample description,3
s1488,Movie,Title 489,Director 77,"Actor A, Actor B",India,2020-05-01,2020,TV-14,3 Seasons,Horror Movies,Sample description,3
s1489,TV Show,Title 490,Director 28,"Actor A, Actor B",Canada,2016-03-06,2003,TV-MA,109 min,Documentaries,Sample description,109
s1490,Movie,Title 491,Director 46,"Actor A, Actor B",United States,2019-03-20,2020,R,2 Seasons,Dramas,Sample description,2
s1491,TV Show,Title 492,Director 43,"Actor A, Actor B",United Kingdom,2019-07-24,2003,PG,3 Seasons,Dramas,Sample description,3
s1492,Movie,Title 493,Director 67,"Actor A, Actor B",United States,2016-01-01,2013,R,1 Seasons,Children & Family Movies,Sample description,1
s1493,TV Show,Title 494,Director 60,"Actor A, Actor B",France,2020-02-24,2004,PG,84 min,Dramas,Sample description,84
s1494,TV Show,Title 495,Director 75,"Actor A, Actor B",India,2017-07-31,2009,PG-13,4 Seasons,Comedies,Sample description,4
s1495,Movie,Title 496,Director 41,"Actor A, Actor B",Japan,2017-05-14,2017,R,84 min,Horror Movies,Sample description,84
s1496,Movie,Title 497,Director 71,"Actor A, Actor B",Japan,2019-09-09,2016,R,3 Seasons,Horror Movies,Sample description,3
s1497,Movie,Title 498,Director 21,"Actor A, Actor B",Canada,2015-07-19,1990,PG-13,109 min,Comedies,Sample description,109
s1498,TV Show,Title 499,Director 35,"Actor A, Actor B",Canada,2020-04-19,2001,PG,158 min,Horror Movies,Sample description,158
s1499,TV Show,Title 500,Director 51,"Actor A, Actor B",United Kingdom,2018-01-30,2016,PG-13,3 Seasons,Documentaries,Sample description,3
s1500,TV Show,Title 501,Director 64,"Actor A, Actor B",Australia,2015-12-30,2020,R,4 Seasons,Dramas,Sample description,4
s1501,Movie,Title 502,Director 20,"Actor A, Actor B",Spain,2017-03-12,2013,TV-PG,140 min,Comedies,Sample description,140
s1502,Movie,Title 503,Director 51,"Actor A, Actor B",India,2017-06-13,2021,TV-MA,1 Seasons,Comedies,Sample description,1
s1503,TV Show,Title 504,Director 41,"Actor A, Actor B",India,2019-07-28,2009,TV-MA,70 min,Comedies,Sample description,70
s1504,Movie,Title 505,Director 59,"Actor A, Actor B",France,2019-11-12,2012,PG,4 Seasons,Comedies,Sample description,4
s1505,Movie,Title 506,Director 24,"Actor A, Actor B",Australia,2016-09-17,1992,TV-PG,83 min,Dramas,Sample description,83
s1506,Movie,Title 507,Director 65,"Actor A, Actor B",Spain,2018-03-18,2005,R,86 min,Horror Movies,Sample description,86
s1507,Movie,Title 508,Director 33,"Actor A, Actor B",Australia,2020-05-02,1991,PG,5 Seasons,Comedies,Sample description,5
s1508,Movie,Title 509,Director 59,"Actor A, Actor B",France,2016-05-28,2010,TV-PG,5 Seasons,Action & Adventure,Sample description,5
s1509,TV Show,Title 510,Director 27,"Actor A, Actor B",Australia,2020-03-03,1992,TV-MA,1 Seasons,Dramas,Sample description,1
s1510,TV Show,Title 511,Director 46,"Actor A, Actor B",Mexico,2020-01-10,2001,TV-PG,3 Seasons,Dramas,Sample description,3
s1511,TV Show,Title 512,Director 66,"Actor A, Actor B",United Kingdom,2015-01-18,2017,TV-MA,1 Seasons,Horror Movies,Sample description,1
s1512,TV Show,Title 513,Director 6,"Actor A, Actor B",France,2015-01-23,2014,PG,5 Seasons,Horror Movies,Sample description,5
s1513,Movie,Title 514,Director 52,"Actor A, Actor B",France,2016-03-14,2005,PG,96 min,Romantic Movies,Sample description,96
s1514,Movie,Title 515,Director 1,"Actor A, Actor B",United States,2015-07-31,2001,G,3 Seasons,Comedies,Sample description,3
s1515,TV Show,Title 516,Director 48,"Actor A, Actor B",Japan,2016-05-20,2010,TV-MA,83 min,Horror Movies,Sample description,83
s1516,TV Show,Title 517,Director 22,"Actor A, Actor B",Mexico,2015-01-23,2011,PG,71 min,Romantic Movies,Sample description,71
s1517,TV Show,Title 518,Director 17,"Actor A, Actor B",Japan,2015-03-13,2008,R,164 min,Documentaries,Sample description,164
s1518,TV Show,Title 519,Director 5,"Actor A, Actor B",France,2016-04-15,2001,G,3 Seasons,Horror Movies,Sample description,3
s1519,Movie,Title 520,Director 33,"Actor A, Actor B",Japan,2017-05-27,2001,PG-13,168 min,Horror Movies,Sample description,168
s1520,Movie,Title 521,Director 35,"Actor A, Actor B",Australia,2017-10-22,2012,G,1 Seasons,Romantic Movies,Sample description,1
s1521,TV Show,Title 522,Director 8,"Actor A, Actor B",France,2018-11-02,1998,PG-13,2 Seasons,Comedies,Sample description,2
s1522,TV Show,Title 523,Director 72,"Actor A, Actor B",Spain,2015-01-04,2010,TV-PG,1 Seasons,Comedies,Sample description,1
s1523,TV Show,Title 524,Director 75,"Actor A, Actor B",United States,2020-03-06,2006,TV-PG,4 Seasons,Dramas,Sample description,4
s1524,TV Show,Title 525,Director 50,"Actor A, Actor B",Mexico,2018-07-12,1991,PG-13,102 min,Documentaries,Sample description,102
s1525,Movie,Title 526,Director 72,"Actor A, Actor B",Canada,2020-09-05,2000,PG-13,3 Seasons,Dramas,Sample description,3
s1526,Movie,Title 527,Director 37,"Actor A, Actor B",United Kingdom,2020-07-25,2010,PG-13,4 Seasons,Documentaries,Sample description,4
s1527,Movie,Title 528,Director 60,"Actor A, Actor B",Canada,2015-11-20,1994,G,1 Seasons,Documentaries,Sample description,1
s1528,TV Show,Title 529,Director 23,"Actor A, Actor B",Canada,2019-12-22,2023,R,171 min,Comedies,Sample description,171
s1529,Movie,Title 530,Director 18,"Actor A, Actor B",Spain,2020-08-21,2021,TV-14,116 min,Romantic Movies,Sample description,116
s1530,Movie,Title 531,Director 30,"Actor A, Actor B",Japan,2015-03-12,1999,PG-13,108 min,Children & Family Movies,Sample description,108
s1531,Movie,Title 532,Director 40,"Actor A, Actor B",Japan,2017-01-09,2002,TV-PG,2 Seasons,Children & Family Movies,Sample description,2
s1532,Movie,Title 533,Director 18,"Actor A, Actor B",India,2018-12-02,1991,G,103 min,Documentaries,Sample description,103
s1533,TV Show,Title 534,Director 3,"Actor A, Actor B",Spain,2020-11-29,2012,TV-14,5 Seasons,Comedies,Sample description,5
s1534,TV Show,Title 535,Director 46,"Actor A, Actor B",Spain,2018-04-07,1992,PG,3 Seasons,Documentaries,Sample description,3
s1535,Movie,Title 536,Director 54,"Actor A, Actor B",Australia,2016-05-07,2010,PG-13,4 Seasons,Dramas,Sample description,4
s1536,TV Show,Title 537,Director 72,"Actor A, Actor B",France,2020-10-08,1999,G,163 min,Children & Family Movies,Sample description,163
s1537,Movie,Title 538,Director 59,"Actor A, Actor B",France,2020-10-23,1992,TV-MA,3 Seasons,Romantic Movies,Sample description,3
s1538,Movie,Title 539,Director 25,"Actor A, Actor B",Japan,2016-04-06,2004,G,4 Seasons,Children & Family Movies,Sample description,4
s1539,Movie,Title 540,Director 61,"Actor A, Actor B",Canada,2015-09-27,1999,TV-PG,110 min,Comedies,Sample description,110
s1540,TV Show,Title 541,Director 38,"Actor A, Actor B",Mexico,2015-12-04,1998,TV-PG,3 Seasons,Comedies,Sample description,3
s1541,TV Show,Title 542,Director 32,"Actor A, Actor B",United States,2018-12-02,2005,TV-MA,176 min,Dramas,Sample description,176
s1542,TV Show,Title 543,Director 77,"Actor A, Actor B",United Kingdom,2019-10-02,2013,PG-13,116 min,Dramas,Sample description,116
s1543,TV Show,Title 544,Director 51,"Actor A, Actor B",Japan,2020-03-15,2009,TV-MA,1 Seasons,Action & Adventure,Sample description,1
s1544,TV Show,Title 545,Director 33,"Actor A, Actor B",Mexico,2015-04-18,2019,TV-MA,95 min,Comedies,Sample description,95
s1545,Movie,Title 546,Director 22,"Actor A, Actor B",United Kingdom,2018-01-16,2002,G,5 Seasons,Horror Movies,Sample description,5
s1546,Movie,Title 547,Director 31,"Actor A, Actor B",Mexico,2015-01-18,1990,R,110 min,Dramas,Sample description,110
s1547,TV Show,Title 548,Director 70,"Actor A, Actor B",United Kingdom,2020-10-05,1993,TV-PG,4 Seasons,Documentaries,Sample description,4
s1548,TV Show,Title 549,Director 38,"Actor A, Actor B",United Kingdom,2019-09-02,1996,PG-13,108 min,Horror Movies,Sample description,108
s1549,TV Show,Title 550,Director 75,"Actor A, Actor B",Japan,2020-02-02,2010,TV-MA,133 min,Horror Movies,Sample description,133
s1550,Movie,Title 551,Director 69,"Actor A, Actor B",Japan,2018-03-09,2019,TV-PG,110 min,Comedies,Sample description,110
s1551,TV Show,Title 552,Director 4,"Actor A, Actor B",Spain,2020-10-31,2016,PG-13,5 Seasons,Romantic Movies,Sample description,5
s1552,Movie,Title 553,Director 2,"Actor A, Actor B",Japan,2015-09-30,2015,R,167 min,Comedies,Sample description,167
s1553,Movie,Title 554,Director 7,"Actor A, Actor B",United Kingdom,2015-06-20,2008,TV-PG,126 min,Dramas,Sample description,126
s1554,Movie,Title 555,Director 38,"Actor A, Actor B",Australia,2018-01-20,2003,PG-13,78 min,Dramas,Sample description,78
s1555,Movie,Title 556,Director 1,"Actor A, Actor B",United Kingdom,2016-12-04,2020,PG-13,2 Seasons,Action & Adventure,Sample description,2
s1556,Movie,Title 557,Director 50,"Actor A, Actor B",Canada,2017-11-06,1996,TV-PG,166 min,Romantic Movies,Sample description,166
s1557,Movie,Title 558,Director 6,"Actor A, Actor B",Australia,2019-01-10,2022,PG-13,2 Seasons,Comedies,Sample description,2
s1558,TV Show,Title 559,Director 29,"Actor A, Actor B",Australia,2016-05-05,1998,PG,3 Seasons,Documentaries,Sample description,3
s1559,Movie,Title 560,Director 65,"Actor A, Actor B",Australia,2020-10-28,1991,R,1 Seasons,Horror Movies,Sample description,1
s1560,TV Show,Title 561,,"Actor A, Actor B",United States,2020-04-28,1996,TV-PG,4 Seasons,Romantic Movies,Sample description,4
s1561,TV Show,Title 562,Director 14,"Actor A, Actor B",Canada,2017-11-22,1994,PG-13,5 Seasons,Comedies,Sample description,5
s1562,Movie,Title 563,Director 52,"Actor A, Actor B",Spain,2017-01-30,2011,G,61 min,Comedies,Sample description,61
s1563,Movie,Title 564,Director 51,"Actor A, Actor B",United States,2017-10-21,2023,R,71 min,Documentaries,Sample description,71
s1564,TV Show,Title 565,Director 47,"Actor A, Actor B",Mexico,2019-06-03,2005,PG,2 Seasons,Comedies,Sample description,2
s1565,Movie,Title 566,Director 33,"Actor A, Actor B",Canada,2018-10-25,2003,G,3 Seasons,Romantic Movies,Sample description,3
s1566,TV Show,Title 567,Director 20,"Actor A, Actor B",Australia,2015-12-05,1998,TV-14,2 Seasons,Action & Adventure,Sample description,2
s1567,TV Show,Title 568,Director 57,"Actor A, Actor B",Spain,2018-05-23,1995,TV-14,5 Seasons,Romantic Movies,Sample description,5
s1568,TV Show,Title 569,Director 59,"Actor A, Actor B",Japan,2019-08-07,1991,PG-13,159 min,Documentaries,Sample description,159
s1569,Movie,Title 570,Director 67,"Actor A, Actor B",Australia,2019-08-15,2008,TV-14,3 Seasons,Comedies,Sample description,3
s1570,Movie,Title 571,Director 58,"Actor A, Actor B",Australia,2017-09-01,2006,PG-13,1 Seasons,Dramas,Sample description,1
s1571,TV Show,Title 572,Director 33,"Actor A, Actor B",France,2020-05-31,1990,G,171 min,Action & Adventure,Sample description,171
s1572,TV Show,Title 573,Director 72,"Actor A, Actor B",Mexico,2020-11-18,1993,PG,3 Seasons,Dramas,Sample description,3
s1573,TV Show,Title 574,Director 40,"Actor A, Actor B",Canada,2017-08-17,2019,PG,3 Seasons,Action & Adventure,Sample description,3
s1574,TV Show,Title 575,Director 36,"Actor A, Actor B",United Kingdom,2019-01-05,2019,TV-MA,1 Seasons,Documentaries,Sample description,1
s1575,Movie,Title 576,Director 40,"Actor A, Actor B",France,2017-06-11,2018,R,3 Seasons,Documentaries,Sample description,3
s1576,Movie,Title 577,Director 73,"Actor A, Actor B",Canada,2017-05-12,2010,PG-13,150 min,Documentaries,Sample description,150
s1577,TV Show,Title 578,Director 38,"Actor A, Actor B",Mexico,2017-02-21,1992,R,64 min,Documentaries,Sample description,64
s1578,TV Show,Title 579,Director 52,"Actor A, Actor B",Mexico,2017-04-12,2014,G,1 Seasons,Children & Family Movies,Sample description,1
s1579,TV Show,Title 580,Director 76,"Actor A, Actor B",United Kingdom,2020-03-19,1992,TV-MA,83 min,Documentaries,Sample description,83
s1580,TV Show,Title 581,Director 36,"Actor A, Actor B",Canada,2018-11-20,2000,PG-13,2 Seasons,Romantic Movies,Sample description,2
s1581,TV Show,Title 582,Director 70,"Actor A, Actor B",Mexico,2018-06-17,2010,TV-PG,98 min,Documentaries,Sample description,98
s1582,Movie,Title 583,Director 69,"Actor A, Actor B",Japan,2015-01-11,2003,TV-PG,3 Seasons,Dramas,Sample description,3
s1583,Movie,Title 584,Director 18,"Actor A, Actor B",United States,2020-12-11,2020,TV-MA,142 min,Documentaries,Sample description,142
s1584,Movie,Title 585,Director 24,"Actor A, Actor B",Mexico,2018-04-12,2016,TV-MA,5 Seasons,Documentaries,Sample description,5
s1585,Movie,Title 586,Director 73,"Actor A, Actor B",Canada,2018-02-15,2006,TV-14,110 min,Action & Adventure,Sample description,110
s1586,Movie,Title 587,Director 63,"Actor A, Actor B",India,2016-03-18,2013,R,5 Seasons,Dramas,Sample description,5
s1587,Movie,Title 588,Director 62,"Actor A, Actor B",Australia,2015-10-13,2008,TV-14,136 min,Romantic Movies,Sample description,136
s1588,Movie,Title 589,Director 17,"Actor A, Actor B",United Kingdom,2019-09-13,2023,PG-13,3 Seasons,Children & Family Movies,Sample description,3
s1589,TV Show,Title 590,Director 49,"Actor A, Actor B",Japan,2020-02-24,1992,TV-14,3 Seasons,Children & Family Movies,Sample description,3
s1590,TV Show,Title 591,Director 45,"Actor A, Actor B",Japan,2017-02-27,2007,PG-13,150 min,Dramas,Sample description,150
s1591,TV Show,Title 592,Director 65,"Actor A, Actor B",Canada,2017-04-29,2020,TV-PG,1 Seasons,Dramas,Sample description,1
s1592,Movie,Title 593,Director 31,"Actor A, Actor B",Mexico,2019-12-17,2004,PG,4 Seasons,Comedies,Sample description,4
s1593,TV Show,Title 594,Director 73,"Actor A, Actor B",Spain,2017-10-07,2015,G,71 min,Dramas,Sample description,71
s1594,Movie,Title 595,Director 25,"Actor A, Actor B",Japan,2019-01-27,2006,PG-13,5 Seasons,Action & Adventure,Sample description,5
s1595,Movie,Title 596,Director 52,"Actor A, Actor B",France,2018-04-05,2002,R,1 Seasons,Horror Movies,Sample description,1
s1596,Movie,Title 597,Director 73,"Actor A, Actor B",United States,2016-07-21,2007,TV-14,84 min,Children & Family Movies,Sample description,84
s1597,Movie,Title 598,Director 35,"Actor A, Actor B",Canada,2017-08-08,2001,R,2 Seasons,Action & Adventure,Sample description,2
s1598,TV Show,Title 599,Director 10,"Actor A, Actor B",United States,2020-05-26,2011,R,2 Seasons,Romantic Movies,Sample description,2
s1599,Movie,Title 600,Director 13,"Actor A, Actor B",Japan,2020-05-28,2000,PG,4 Seasons,Documentaries,Sample description,4
